﻿<LinkSources version="1.02">
  <page ID="D9B50897-D00D-4C59-8AD4-3BC2491D071E">
    <linkSource sourcePageID="DD15667D-F578-4164-B09A-E4F68C3AE0B0" comID="1D87513E-9759-41FD-B52C-FD1855871285" comLinkType="cltPageLink"/>
    <linkSource sourcePageID="24611FF3-AD0D-4192-A844-A58F95AA3808" comID="DC95A3A9-D1BB-4B60-945F-0122A51D8465" comLinkType="cltPageLink"/>
    <linkSource sourcePageID="05B4D03B-5CDB-489D-96AF-0C62D8E3728E" comID="FF85A34A-82A1-4487-9040-2CD6412DFC1C" comLinkType="cltPageLink"/>
    <linkSource sourcePageID="05B4D03B-5CDB-489D-96AF-0C62D8E3728E" comID="037CDABE-0137-460B-A951-9E50F48716E2" comLinkType="cltPageLink"/>
    <linkSource sourcePageID="09B867AD-8FC7-44DD-ADD0-B07DA24A9A87" comID="70843BF4-6B4D-47EA-8BAD-D021C31B1ECA" comLinkType="cltPageLink"/>
    <linkSource sourcePageID="3949D9E9-A544-45F2-8DDD-BCB441A9BAB4" comID="70A2ACBA-EF75-4402-998D-50147BC567F1" comLinkType="cltPageLink"/>
    <linkSource sourcePageID="3949D9E9-A544-45F2-8DDD-BCB441A9BAB4" comID="20EB4F05-2D5D-4056-A105-F00717D4FB6E" comLinkType="cltPageLink"/>
    <linkSource sourcePageID="312FE25A-509D-4480-AFB7-65C41F710D60" comID="87D4A9C5-62A4-4F9E-AFD1-D4F915E3270B" comLinkType="cltPageLink"/>
    <linkSource sourcePageID="7C5F2EE7-736D-410A-9DCA-E66EF37C562C" comID="2BD5B275-0968-459D-8DFB-40118EF175C4" comLinkType="cltPageLink"/>
    <linkSource sourcePageID="FAD1B585-30E2-4B4B-AD93-6C1EFF35203C" comID="CD3673E2-A137-4BBA-98F8-20806636056A" comLinkType="cltPageLink"/>
    <linkSource sourcePageID="5C92024A-5312-4579-AEF5-AA516B317194" comID="325698C9-32B5-4467-B9B1-C9B85E8F20CE" comLinkType="cltPageLink"/>
    <linkSource sourcePageID="801497A4-FDC3-43C9-A530-6963AA01E4FB" comID="95E79BD3-0CE0-4EE4-A9E1-1A28A459ED4A" comLinkType="cltPageLink"/>
    <linkSource sourcePageID="E607C53E-AE98-4034-8537-E63F332218F9" comID="3E532BB5-519B-4E64-944B-0B420C4ECB8C" comLinkType="cltPageLink"/>
    <linkSource sourcePageID="901872BE-ABD1-4E3E-A86A-5B17FBFFAAC4" comID="1867E062-C58F-4EBB-9807-D6513DFAA2FD" comLinkType="cltPageLink"/>
    <linkSource sourcePageID="1922D841-7BA8-42E0-ABF3-8A43F75ECABC" comID="87591EBC-22B0-4AA5-9E82-52E22B23615E" comLinkType="cltPageLink"/>
  </page>
  <page ID="DD15667D-F578-4164-B09A-E4F68C3AE0B0">
    <linkSource sourcePageID="DD15667D-F578-4164-B09A-E4F68C3AE0B0" comID="F3369E95-1ED8-4F4F-A212-A6D96698C5A2" comLinkType="cltPageLink"/>
    <linkSource sourcePageID="DD15667D-F578-4164-B09A-E4F68C3AE0B0" comID="9BB5062D-2624-4B4B-AF72-9A002A70FC06" comLinkType="cltPageLink"/>
    <linkSource sourcePageID="C3EE83AE-880E-4F00-8F22-D225F99F1D94" comID="A37422FF-67F2-4796-B67E-3681B47B4422" comLinkType="cltPageLink"/>
    <linkSource sourcePageID="DD15667D-F578-4164-B09A-E4F68C3AE0B0" comID="9180A6F8-625C-4DFA-8D3D-E5CA76899ECA" comLinkType="cltPageLink"/>
    <linkSource sourcePageID="24611FF3-AD0D-4192-A844-A58F95AA3808" comID="464C4F57-D48B-4284-8892-1E85E878DCDA" comLinkType="cltPageLink"/>
    <linkSource sourcePageID="24611FF3-AD0D-4192-A844-A58F95AA3808" comID="470E27CA-23F6-4078-8E8A-FCE7602B415A" comLinkType="cltPageLink"/>
    <linkSource sourcePageID="24611FF3-AD0D-4192-A844-A58F95AA3808" comID="EF714CE5-9FD0-4B9B-A038-C88EC2D1C1A3" comLinkType="cltPageLink"/>
    <linkSource sourcePageID="05B4D03B-5CDB-489D-96AF-0C62D8E3728E" comID="B6F4433E-AFD6-4135-8D96-C92EAABA317B" comLinkType="cltPageLink"/>
    <linkSource sourcePageID="05B4D03B-5CDB-489D-96AF-0C62D8E3728E" comID="37302665-C88D-41A3-99B3-077090EE0433" comLinkType="cltPageLink"/>
    <linkSource sourcePageID="05B4D03B-5CDB-489D-96AF-0C62D8E3728E" comID="15CA93E0-C152-49BD-BDB3-AABE9210AF92" comLinkType="cltPageLink"/>
    <linkSource sourcePageID="05B4D03B-5CDB-489D-96AF-0C62D8E3728E" comID="D6458B03-C579-4AAE-8F79-28BD9EB70657" comLinkType="cltPageLink"/>
    <linkSource sourcePageID="05B4D03B-5CDB-489D-96AF-0C62D8E3728E" comID="7224E9ED-5C5B-4002-B9A5-B18A08F4A50D" comLinkType="cltPageLink"/>
    <linkSource sourcePageID="05B4D03B-5CDB-489D-96AF-0C62D8E3728E" comID="A341C949-4D81-40F1-8EEC-7BD04E7A2E4C" comLinkType="cltPageLink"/>
    <linkSource sourcePageID="09B867AD-8FC7-44DD-ADD0-B07DA24A9A87" comID="3A74D60A-4472-4970-AFE7-3208EDFF5806" comLinkType="cltPageLink"/>
    <linkSource sourcePageID="09B867AD-8FC7-44DD-ADD0-B07DA24A9A87" comID="5F4CF1C9-BED6-429C-93D7-19324B05EE19" comLinkType="cltPageLink"/>
    <linkSource sourcePageID="09B867AD-8FC7-44DD-ADD0-B07DA24A9A87" comID="89E87158-9964-4AEF-A9C4-2F3CC9D9CCF1" comLinkType="cltPageLink"/>
    <linkSource sourcePageID="3949D9E9-A544-45F2-8DDD-BCB441A9BAB4" comID="346A83AB-7614-4138-A6C3-43E39D96DA8B" comLinkType="cltPageLink"/>
    <linkSource sourcePageID="3949D9E9-A544-45F2-8DDD-BCB441A9BAB4" comID="A8D00B72-4F7E-4E50-AA15-9B09B42E237C" comLinkType="cltPageLink"/>
    <linkSource sourcePageID="3949D9E9-A544-45F2-8DDD-BCB441A9BAB4" comID="14C474CA-F363-4A90-8B76-D99804CCD290" comLinkType="cltPageLink"/>
    <linkSource sourcePageID="3949D9E9-A544-45F2-8DDD-BCB441A9BAB4" comID="2B3CD6AA-04D6-428F-86D4-CB1CF6C626BE" comLinkType="cltPageLink"/>
    <linkSource sourcePageID="3949D9E9-A544-45F2-8DDD-BCB441A9BAB4" comID="8AB3EE5D-3099-4A1A-97D2-B099A5256053" comLinkType="cltPageLink"/>
    <linkSource sourcePageID="3949D9E9-A544-45F2-8DDD-BCB441A9BAB4" comID="B7A6FD2E-B03C-4DC3-A543-92CD63611B03" comLinkType="cltPageLink"/>
    <linkSource sourcePageID="312FE25A-509D-4480-AFB7-65C41F710D60" comID="6D100AC3-7C00-4D59-92AF-E4C16CECA4A7" comLinkType="cltPageLink"/>
    <linkSource sourcePageID="312FE25A-509D-4480-AFB7-65C41F710D60" comID="1A850604-0FA3-4110-998D-2D88F254A611" comLinkType="cltPageLink"/>
    <linkSource sourcePageID="312FE25A-509D-4480-AFB7-65C41F710D60" comID="902B712B-BB05-4A69-A48B-427532F86DA7" comLinkType="cltPageLink"/>
    <linkSource sourcePageID="7C5F2EE7-736D-410A-9DCA-E66EF37C562C" comID="72CA4398-C31E-4121-A77E-3F7217A73157" comLinkType="cltPageLink"/>
    <linkSource sourcePageID="7C5F2EE7-736D-410A-9DCA-E66EF37C562C" comID="DB3EC12D-B9F6-4ED2-B09D-03039D8FA1DB" comLinkType="cltPageLink"/>
    <linkSource sourcePageID="7C5F2EE7-736D-410A-9DCA-E66EF37C562C" comID="E4917458-3071-472D-B539-C8E31ACD2923" comLinkType="cltPageLink"/>
    <linkSource sourcePageID="FAD1B585-30E2-4B4B-AD93-6C1EFF35203C" comID="F24B3959-93A0-4434-BE86-4EE52640DC08" comLinkType="cltPageLink"/>
    <linkSource sourcePageID="FAD1B585-30E2-4B4B-AD93-6C1EFF35203C" comID="73004991-FDE2-4CF2-B095-0BBAE3F149BD" comLinkType="cltPageLink"/>
    <linkSource sourcePageID="FAD1B585-30E2-4B4B-AD93-6C1EFF35203C" comID="47A3979D-3C88-4B29-A94A-A91433C928D2" comLinkType="cltPageLink"/>
    <linkSource sourcePageID="5C92024A-5312-4579-AEF5-AA516B317194" comID="9D0B573F-5FD3-4CC2-80CC-F352B377CF68" comLinkType="cltPageLink"/>
    <linkSource sourcePageID="5C92024A-5312-4579-AEF5-AA516B317194" comID="CC6E708D-4090-4389-8656-364FC300122F" comLinkType="cltPageLink"/>
    <linkSource sourcePageID="5C92024A-5312-4579-AEF5-AA516B317194" comID="CE4E8A7C-9175-44AB-B670-684750106C8D" comLinkType="cltPageLink"/>
    <linkSource sourcePageID="801497A4-FDC3-43C9-A530-6963AA01E4FB" comID="2DC52421-CF18-4B7E-82D2-C05560D76337" comLinkType="cltPageLink"/>
    <linkSource sourcePageID="801497A4-FDC3-43C9-A530-6963AA01E4FB" comID="858DC80D-C15A-4A86-900D-DBD40C94D193" comLinkType="cltPageLink"/>
    <linkSource sourcePageID="801497A4-FDC3-43C9-A530-6963AA01E4FB" comID="5912E50B-CED2-4442-851B-AF12D06979D5" comLinkType="cltPageLink"/>
    <linkSource sourcePageID="E607C53E-AE98-4034-8537-E63F332218F9" comID="C0AD2EDD-B3D0-49E9-B683-9016EFBCC2C1" comLinkType="cltPageLink"/>
    <linkSource sourcePageID="E607C53E-AE98-4034-8537-E63F332218F9" comID="A2AFB2AD-5D4B-4F06-A6F3-32DC150732F5" comLinkType="cltPageLink"/>
    <linkSource sourcePageID="E607C53E-AE98-4034-8537-E63F332218F9" comID="C51919E2-B0A3-444C-9A9D-086E1FB75944" comLinkType="cltPageLink"/>
    <linkSource sourcePageID="901872BE-ABD1-4E3E-A86A-5B17FBFFAAC4" comID="9B4C6007-ACC5-4980-AD32-323F5EB3F5CB" comLinkType="cltPageLink"/>
    <linkSource sourcePageID="901872BE-ABD1-4E3E-A86A-5B17FBFFAAC4" comID="F31E3AB9-2AB9-4D4E-A77A-674992EF5742" comLinkType="cltPageLink"/>
    <linkSource sourcePageID="901872BE-ABD1-4E3E-A86A-5B17FBFFAAC4" comID="070F3FDE-43AB-410D-AB3A-C38A7658858B" comLinkType="cltPageLink"/>
    <linkSource sourcePageID="D9B50897-D00D-4C59-8AD4-3BC2491D071E" comID="57E0B0D6-A7E7-41E9-B735-5D6CDED43963" comLinkType="cltPageLink"/>
    <linkSource sourcePageID="1922D841-7BA8-42E0-ABF3-8A43F75ECABC" comID="87591EBC-22B0-4AA5-9E82-52E22B23615E" comLinkType="cltPageLink"/>
  </page>
  <page ID="801497A4-FDC3-43C9-A530-6963AA01E4FB">
    <linkSource sourcePageID="DD15667D-F578-4164-B09A-E4F68C3AE0B0" comID="9BB5062D-2624-4B4B-AF72-9A002A70FC06" comLinkType="cltPageLink"/>
    <linkSource sourcePageID="24611FF3-AD0D-4192-A844-A58F95AA3808" comID="470E27CA-23F6-4078-8E8A-FCE7602B415A" comLinkType="cltPageLink"/>
    <linkSource sourcePageID="05B4D03B-5CDB-489D-96AF-0C62D8E3728E" comID="37302665-C88D-41A3-99B3-077090EE0433" comLinkType="cltPageLink"/>
    <linkSource sourcePageID="05B4D03B-5CDB-489D-96AF-0C62D8E3728E" comID="D6458B03-C579-4AAE-8F79-28BD9EB70657" comLinkType="cltPageLink"/>
    <linkSource sourcePageID="09B867AD-8FC7-44DD-ADD0-B07DA24A9A87" comID="3A74D60A-4472-4970-AFE7-3208EDFF5806" comLinkType="cltPageLink"/>
    <linkSource sourcePageID="3949D9E9-A544-45F2-8DDD-BCB441A9BAB4" comID="346A83AB-7614-4138-A6C3-43E39D96DA8B" comLinkType="cltPageLink"/>
    <linkSource sourcePageID="3949D9E9-A544-45F2-8DDD-BCB441A9BAB4" comID="2B3CD6AA-04D6-428F-86D4-CB1CF6C626BE" comLinkType="cltPageLink"/>
    <linkSource sourcePageID="312FE25A-509D-4480-AFB7-65C41F710D60" comID="6D100AC3-7C00-4D59-92AF-E4C16CECA4A7" comLinkType="cltPageLink"/>
    <linkSource sourcePageID="7C5F2EE7-736D-410A-9DCA-E66EF37C562C" comID="72CA4398-C31E-4121-A77E-3F7217A73157" comLinkType="cltPageLink"/>
    <linkSource sourcePageID="FAD1B585-30E2-4B4B-AD93-6C1EFF35203C" comID="F24B3959-93A0-4434-BE86-4EE52640DC08" comLinkType="cltPageLink"/>
    <linkSource sourcePageID="5C92024A-5312-4579-AEF5-AA516B317194" comID="9D0B573F-5FD3-4CC2-80CC-F352B377CF68" comLinkType="cltPageLink"/>
    <linkSource sourcePageID="801497A4-FDC3-43C9-A530-6963AA01E4FB" comID="2DC52421-CF18-4B7E-82D2-C05560D76337" comLinkType="cltPageLink"/>
    <linkSource sourcePageID="801497A4-FDC3-43C9-A530-6963AA01E4FB" comID="5912E50B-CED2-4442-851B-AF12D06979D5" comLinkType="cltPageLink"/>
    <linkSource sourcePageID="E607C53E-AE98-4034-8537-E63F332218F9" comID="C0AD2EDD-B3D0-49E9-B683-9016EFBCC2C1" comLinkType="cltPageLink"/>
    <linkSource sourcePageID="901872BE-ABD1-4E3E-A86A-5B17FBFFAAC4" comID="9B4C6007-ACC5-4980-AD32-323F5EB3F5CB" comLinkType="cltPageLink"/>
  </page>
  <page ID="E607C53E-AE98-4034-8537-E63F332218F9">
    <linkSource sourcePageID="DD15667D-F578-4164-B09A-E4F68C3AE0B0" comID="9BB5062D-2624-4B4B-AF72-9A002A70FC06" comLinkType="cltPageLink"/>
    <linkSource sourcePageID="24611FF3-AD0D-4192-A844-A58F95AA3808" comID="470E27CA-23F6-4078-8E8A-FCE7602B415A" comLinkType="cltPageLink"/>
    <linkSource sourcePageID="24611FF3-AD0D-4192-A844-A58F95AA3808" comID="464C4F57-D48B-4284-8892-1E85E878DCDA" comLinkType="cltPageLink"/>
    <linkSource sourcePageID="05B4D03B-5CDB-489D-96AF-0C62D8E3728E" comID="B6F4433E-AFD6-4135-8D96-C92EAABA317B" comLinkType="cltPageLink"/>
    <linkSource sourcePageID="05B4D03B-5CDB-489D-96AF-0C62D8E3728E" comID="37302665-C88D-41A3-99B3-077090EE0433" comLinkType="cltPageLink"/>
    <linkSource sourcePageID="05B4D03B-5CDB-489D-96AF-0C62D8E3728E" comID="D6458B03-C579-4AAE-8F79-28BD9EB70657" comLinkType="cltPageLink"/>
    <linkSource sourcePageID="05B4D03B-5CDB-489D-96AF-0C62D8E3728E" comID="A341C949-4D81-40F1-8EEC-7BD04E7A2E4C" comLinkType="cltPageLink"/>
    <linkSource sourcePageID="09B867AD-8FC7-44DD-ADD0-B07DA24A9A87" comID="3A74D60A-4472-4970-AFE7-3208EDFF5806" comLinkType="cltPageLink"/>
    <linkSource sourcePageID="09B867AD-8FC7-44DD-ADD0-B07DA24A9A87" comID="89E87158-9964-4AEF-A9C4-2F3CC9D9CCF1" comLinkType="cltPageLink"/>
    <linkSource sourcePageID="3949D9E9-A544-45F2-8DDD-BCB441A9BAB4" comID="346A83AB-7614-4138-A6C3-43E39D96DA8B" comLinkType="cltPageLink"/>
    <linkSource sourcePageID="3949D9E9-A544-45F2-8DDD-BCB441A9BAB4" comID="14C474CA-F363-4A90-8B76-D99804CCD290" comLinkType="cltPageLink"/>
    <linkSource sourcePageID="3949D9E9-A544-45F2-8DDD-BCB441A9BAB4" comID="2B3CD6AA-04D6-428F-86D4-CB1CF6C626BE" comLinkType="cltPageLink"/>
    <linkSource sourcePageID="3949D9E9-A544-45F2-8DDD-BCB441A9BAB4" comID="B7A6FD2E-B03C-4DC3-A543-92CD63611B03" comLinkType="cltPageLink"/>
    <linkSource sourcePageID="312FE25A-509D-4480-AFB7-65C41F710D60" comID="6D100AC3-7C00-4D59-92AF-E4C16CECA4A7" comLinkType="cltPageLink"/>
    <linkSource sourcePageID="312FE25A-509D-4480-AFB7-65C41F710D60" comID="902B712B-BB05-4A69-A48B-427532F86DA7" comLinkType="cltPageLink"/>
    <linkSource sourcePageID="7C5F2EE7-736D-410A-9DCA-E66EF37C562C" comID="72CA4398-C31E-4121-A77E-3F7217A73157" comLinkType="cltPageLink"/>
    <linkSource sourcePageID="7C5F2EE7-736D-410A-9DCA-E66EF37C562C" comID="E4917458-3071-472D-B539-C8E31ACD2923" comLinkType="cltPageLink"/>
    <linkSource sourcePageID="FAD1B585-30E2-4B4B-AD93-6C1EFF35203C" comID="F24B3959-93A0-4434-BE86-4EE52640DC08" comLinkType="cltPageLink"/>
    <linkSource sourcePageID="FAD1B585-30E2-4B4B-AD93-6C1EFF35203C" comID="47A3979D-3C88-4B29-A94A-A91433C928D2" comLinkType="cltPageLink"/>
    <linkSource sourcePageID="5C92024A-5312-4579-AEF5-AA516B317194" comID="9D0B573F-5FD3-4CC2-80CC-F352B377CF68" comLinkType="cltPageLink"/>
    <linkSource sourcePageID="5C92024A-5312-4579-AEF5-AA516B317194" comID="CE4E8A7C-9175-44AB-B670-684750106C8D" comLinkType="cltPageLink"/>
    <linkSource sourcePageID="801497A4-FDC3-43C9-A530-6963AA01E4FB" comID="2DC52421-CF18-4B7E-82D2-C05560D76337" comLinkType="cltPageLink"/>
    <linkSource sourcePageID="E607C53E-AE98-4034-8537-E63F332218F9" comID="C0AD2EDD-B3D0-49E9-B683-9016EFBCC2C1" comLinkType="cltPageLink"/>
    <linkSource sourcePageID="E607C53E-AE98-4034-8537-E63F332218F9" comID="C51919E2-B0A3-444C-9A9D-086E1FB75944" comLinkType="cltPageLink"/>
    <linkSource sourcePageID="901872BE-ABD1-4E3E-A86A-5B17FBFFAAC4" comID="9B4C6007-ACC5-4980-AD32-323F5EB3F5CB" comLinkType="cltPageLink"/>
    <linkSource sourcePageID="901872BE-ABD1-4E3E-A86A-5B17FBFFAAC4" comID="070F3FDE-43AB-410D-AB3A-C38A7658858B" comLinkType="cltPageLink"/>
    <linkSource sourcePageID="901872BE-ABD1-4E3E-A86A-5B17FBFFAAC4" comID="5AD85A6D-C74C-4BC9-815E-7E9F72D91A0C" comLinkType="cltPageLink"/>
    <linkSource sourcePageID="D9B50897-D00D-4C59-8AD4-3BC2491D071E" comID="57E0B0D6-A7E7-41E9-B735-5D6CDED43963" comLinkType="cltPageLink"/>
  </page>
  <page ID="24611FF3-AD0D-4192-A844-A58F95AA3808">
    <linkSource sourcePageID="DD15667D-F578-4164-B09A-E4F68C3AE0B0" comID="F0357D5B-503A-4E4C-A3E5-E7486BF1F4CD" comLinkType="cltPageLink"/>
    <linkSource sourcePageID="24611FF3-AD0D-4192-A844-A58F95AA3808" comID="05DACB30-B3C5-40A0-B780-1BA87BB3928D" comLinkType="cltPageLink"/>
    <linkSource sourcePageID="24611FF3-AD0D-4192-A844-A58F95AA3808" comID="464C4F57-D48B-4284-8892-1E85E878DCDA" comLinkType="cltPageLink"/>
    <linkSource sourcePageID="05B4D03B-5CDB-489D-96AF-0C62D8E3728E" comID="B6F4433E-AFD6-4135-8D96-C92EAABA317B" comLinkType="cltPageLink"/>
    <linkSource sourcePageID="05B4D03B-5CDB-489D-96AF-0C62D8E3728E" comID="73B1D2C7-5CCA-4D7F-942E-ECDD1EA57E2E" comLinkType="cltPageLink"/>
    <linkSource sourcePageID="05B4D03B-5CDB-489D-96AF-0C62D8E3728E" comID="42DC3800-655D-4AA5-81F7-9612E22FBA00" comLinkType="cltPageLink"/>
    <linkSource sourcePageID="05B4D03B-5CDB-489D-96AF-0C62D8E3728E" comID="A341C949-4D81-40F1-8EEC-7BD04E7A2E4C" comLinkType="cltPageLink"/>
    <linkSource sourcePageID="09B867AD-8FC7-44DD-ADD0-B07DA24A9A87" comID="4B419EB6-81A6-48B1-8082-5C21FFD3D884" comLinkType="cltPageLink"/>
    <linkSource sourcePageID="3949D9E9-A544-45F2-8DDD-BCB441A9BAB4" comID="7E3F30C5-DCF8-4BF2-B7B0-8627BC5B7CD3" comLinkType="cltPageLink"/>
    <linkSource sourcePageID="3949D9E9-A544-45F2-8DDD-BCB441A9BAB4" comID="E1D13B94-226F-4D35-BE80-9D498E65F9F9" comLinkType="cltPageLink"/>
    <linkSource sourcePageID="312FE25A-509D-4480-AFB7-65C41F710D60" comID="A9BE5496-2467-45C6-AD20-92AA2128051A" comLinkType="cltPageLink"/>
    <linkSource sourcePageID="7C5F2EE7-736D-410A-9DCA-E66EF37C562C" comID="F90A2A08-7680-49DF-B995-82A0F6D3353D" comLinkType="cltPageLink"/>
    <linkSource sourcePageID="FAD1B585-30E2-4B4B-AD93-6C1EFF35203C" comID="3DA57C55-5544-49BE-A0FB-4713FEC92E00" comLinkType="cltPageLink"/>
    <linkSource sourcePageID="5C92024A-5312-4579-AEF5-AA516B317194" comID="29D1ABA9-5A3E-47A9-BAA7-2D7B7D51FB26" comLinkType="cltPageLink"/>
    <linkSource sourcePageID="801497A4-FDC3-43C9-A530-6963AA01E4FB" comID="C13B8F30-7F5E-453B-A4EF-06B5733E76CA" comLinkType="cltPageLink"/>
    <linkSource sourcePageID="E607C53E-AE98-4034-8537-E63F332218F9" comID="28D686C7-3297-42FC-B733-E41B71FF77E1" comLinkType="cltPageLink"/>
  </page>
  <page ID="05B4D03B-5CDB-489D-96AF-0C62D8E3728E">
    <linkSource sourcePageID="DD15667D-F578-4164-B09A-E4F68C3AE0B0" comID="F0357D5B-503A-4E4C-A3E5-E7486BF1F4CD" comLinkType="cltPageLink"/>
    <linkSource sourcePageID="24611FF3-AD0D-4192-A844-A58F95AA3808" comID="05DACB30-B3C5-40A0-B780-1BA87BB3928D" comLinkType="cltPageLink"/>
    <linkSource sourcePageID="05B4D03B-5CDB-489D-96AF-0C62D8E3728E" comID="73B1D2C7-5CCA-4D7F-942E-ECDD1EA57E2E" comLinkType="cltPageLink"/>
    <linkSource sourcePageID="05B4D03B-5CDB-489D-96AF-0C62D8E3728E" comID="42DC3800-655D-4AA5-81F7-9612E22FBA00" comLinkType="cltPageLink"/>
    <linkSource sourcePageID="05B4D03B-5CDB-489D-96AF-0C62D8E3728E" comID="A341C949-4D81-40F1-8EEC-7BD04E7A2E4C" comLinkType="cltPageLink"/>
    <linkSource sourcePageID="09B867AD-8FC7-44DD-ADD0-B07DA24A9A87" comID="4B419EB6-81A6-48B1-8082-5C21FFD3D884" comLinkType="cltPageLink"/>
    <linkSource sourcePageID="09B867AD-8FC7-44DD-ADD0-B07DA24A9A87" comID="89E87158-9964-4AEF-A9C4-2F3CC9D9CCF1" comLinkType="cltPageLink"/>
    <linkSource sourcePageID="3949D9E9-A544-45F2-8DDD-BCB441A9BAB4" comID="7E3F30C5-DCF8-4BF2-B7B0-8627BC5B7CD3" comLinkType="cltPageLink"/>
    <linkSource sourcePageID="3949D9E9-A544-45F2-8DDD-BCB441A9BAB4" comID="E1D13B94-226F-4D35-BE80-9D498E65F9F9" comLinkType="cltPageLink"/>
    <linkSource sourcePageID="312FE25A-509D-4480-AFB7-65C41F710D60" comID="A9BE5496-2467-45C6-AD20-92AA2128051A" comLinkType="cltPageLink"/>
    <linkSource sourcePageID="7C5F2EE7-736D-410A-9DCA-E66EF37C562C" comID="F90A2A08-7680-49DF-B995-82A0F6D3353D" comLinkType="cltPageLink"/>
    <linkSource sourcePageID="FAD1B585-30E2-4B4B-AD93-6C1EFF35203C" comID="3DA57C55-5544-49BE-A0FB-4713FEC92E00" comLinkType="cltPageLink"/>
    <linkSource sourcePageID="5C92024A-5312-4579-AEF5-AA516B317194" comID="29D1ABA9-5A3E-47A9-BAA7-2D7B7D51FB26" comLinkType="cltPageLink"/>
    <linkSource sourcePageID="801497A4-FDC3-43C9-A530-6963AA01E4FB" comID="C13B8F30-7F5E-453B-A4EF-06B5733E76CA" comLinkType="cltPageLink"/>
    <linkSource sourcePageID="E607C53E-AE98-4034-8537-E63F332218F9" comID="30F5D401-E953-424A-B8EE-99C38887313F" comLinkType="cltPageLink"/>
  </page>
  <page ID="09B867AD-8FC7-44DD-ADD0-B07DA24A9A87">
    <linkSource sourcePageID="DD15667D-F578-4164-B09A-E4F68C3AE0B0" comID="F0357D5B-503A-4E4C-A3E5-E7486BF1F4CD" comLinkType="cltPageLink"/>
    <linkSource sourcePageID="24611FF3-AD0D-4192-A844-A58F95AA3808" comID="05DACB30-B3C5-40A0-B780-1BA87BB3928D" comLinkType="cltPageLink"/>
    <linkSource sourcePageID="05B4D03B-5CDB-489D-96AF-0C62D8E3728E" comID="73B1D2C7-5CCA-4D7F-942E-ECDD1EA57E2E" comLinkType="cltPageLink"/>
    <linkSource sourcePageID="05B4D03B-5CDB-489D-96AF-0C62D8E3728E" comID="42DC3800-655D-4AA5-81F7-9612E22FBA00" comLinkType="cltPageLink"/>
    <linkSource sourcePageID="09B867AD-8FC7-44DD-ADD0-B07DA24A9A87" comID="4B419EB6-81A6-48B1-8082-5C21FFD3D884" comLinkType="cltPageLink"/>
    <linkSource sourcePageID="09B867AD-8FC7-44DD-ADD0-B07DA24A9A87" comID="89E87158-9964-4AEF-A9C4-2F3CC9D9CCF1" comLinkType="cltPageLink"/>
    <linkSource sourcePageID="3949D9E9-A544-45F2-8DDD-BCB441A9BAB4" comID="7E3F30C5-DCF8-4BF2-B7B0-8627BC5B7CD3" comLinkType="cltPageLink"/>
    <linkSource sourcePageID="3949D9E9-A544-45F2-8DDD-BCB441A9BAB4" comID="14C474CA-F363-4A90-8B76-D99804CCD290" comLinkType="cltPageLink"/>
    <linkSource sourcePageID="3949D9E9-A544-45F2-8DDD-BCB441A9BAB4" comID="E1D13B94-226F-4D35-BE80-9D498E65F9F9" comLinkType="cltPageLink"/>
    <linkSource sourcePageID="3949D9E9-A544-45F2-8DDD-BCB441A9BAB4" comID="B7A6FD2E-B03C-4DC3-A543-92CD63611B03" comLinkType="cltPageLink"/>
    <linkSource sourcePageID="312FE25A-509D-4480-AFB7-65C41F710D60" comID="A9BE5496-2467-45C6-AD20-92AA2128051A" comLinkType="cltPageLink"/>
    <linkSource sourcePageID="7C5F2EE7-736D-410A-9DCA-E66EF37C562C" comID="F90A2A08-7680-49DF-B995-82A0F6D3353D" comLinkType="cltPageLink"/>
    <linkSource sourcePageID="FAD1B585-30E2-4B4B-AD93-6C1EFF35203C" comID="3DA57C55-5544-49BE-A0FB-4713FEC92E00" comLinkType="cltPageLink"/>
    <linkSource sourcePageID="5C92024A-5312-4579-AEF5-AA516B317194" comID="29D1ABA9-5A3E-47A9-BAA7-2D7B7D51FB26" comLinkType="cltPageLink"/>
    <linkSource sourcePageID="801497A4-FDC3-43C9-A530-6963AA01E4FB" comID="C13B8F30-7F5E-453B-A4EF-06B5733E76CA" comLinkType="cltPageLink"/>
    <linkSource sourcePageID="E607C53E-AE98-4034-8537-E63F332218F9" comID="0C761931-AE40-4082-84E6-2926BBBCB21D" comLinkType="cltPageLink"/>
  </page>
  <page ID="3949D9E9-A544-45F2-8DDD-BCB441A9BAB4">
    <linkSource sourcePageID="DD15667D-F578-4164-B09A-E4F68C3AE0B0" comID="F0357D5B-503A-4E4C-A3E5-E7486BF1F4CD" comLinkType="cltPageLink"/>
    <linkSource sourcePageID="24611FF3-AD0D-4192-A844-A58F95AA3808" comID="05DACB30-B3C5-40A0-B780-1BA87BB3928D" comLinkType="cltPageLink"/>
    <linkSource sourcePageID="05B4D03B-5CDB-489D-96AF-0C62D8E3728E" comID="73B1D2C7-5CCA-4D7F-942E-ECDD1EA57E2E" comLinkType="cltPageLink"/>
    <linkSource sourcePageID="05B4D03B-5CDB-489D-96AF-0C62D8E3728E" comID="42DC3800-655D-4AA5-81F7-9612E22FBA00" comLinkType="cltPageLink"/>
    <linkSource sourcePageID="09B867AD-8FC7-44DD-ADD0-B07DA24A9A87" comID="4B419EB6-81A6-48B1-8082-5C21FFD3D884" comLinkType="cltPageLink"/>
    <linkSource sourcePageID="3949D9E9-A544-45F2-8DDD-BCB441A9BAB4" comID="7E3F30C5-DCF8-4BF2-B7B0-8627BC5B7CD3" comLinkType="cltPageLink"/>
    <linkSource sourcePageID="3949D9E9-A544-45F2-8DDD-BCB441A9BAB4" comID="E1D13B94-226F-4D35-BE80-9D498E65F9F9" comLinkType="cltPageLink"/>
    <linkSource sourcePageID="3949D9E9-A544-45F2-8DDD-BCB441A9BAB4" comID="B7A6FD2E-B03C-4DC3-A543-92CD63611B03" comLinkType="cltPageLink"/>
    <linkSource sourcePageID="312FE25A-509D-4480-AFB7-65C41F710D60" comID="A9BE5496-2467-45C6-AD20-92AA2128051A" comLinkType="cltPageLink"/>
    <linkSource sourcePageID="312FE25A-509D-4480-AFB7-65C41F710D60" comID="902B712B-BB05-4A69-A48B-427532F86DA7" comLinkType="cltPageLink"/>
    <linkSource sourcePageID="7C5F2EE7-736D-410A-9DCA-E66EF37C562C" comID="F90A2A08-7680-49DF-B995-82A0F6D3353D" comLinkType="cltPageLink"/>
    <linkSource sourcePageID="FAD1B585-30E2-4B4B-AD93-6C1EFF35203C" comID="3DA57C55-5544-49BE-A0FB-4713FEC92E00" comLinkType="cltPageLink"/>
    <linkSource sourcePageID="5C92024A-5312-4579-AEF5-AA516B317194" comID="29D1ABA9-5A3E-47A9-BAA7-2D7B7D51FB26" comLinkType="cltPageLink"/>
    <linkSource sourcePageID="801497A4-FDC3-43C9-A530-6963AA01E4FB" comID="C13B8F30-7F5E-453B-A4EF-06B5733E76CA" comLinkType="cltPageLink"/>
    <linkSource sourcePageID="E607C53E-AE98-4034-8537-E63F332218F9" comID="C51919E2-B0A3-444C-9A9D-086E1FB75944" comLinkType="cltPageLink"/>
    <linkSource sourcePageID="E607C53E-AE98-4034-8537-E63F332218F9" comID="3ECAFD14-F69A-48BA-9292-7F5B3460260E" comLinkType="cltPageLink"/>
  </page>
  <page ID="312FE25A-509D-4480-AFB7-65C41F710D60">
    <linkSource sourcePageID="DD15667D-F578-4164-B09A-E4F68C3AE0B0" comID="F0357D5B-503A-4E4C-A3E5-E7486BF1F4CD" comLinkType="cltPageLink"/>
    <linkSource sourcePageID="24611FF3-AD0D-4192-A844-A58F95AA3808" comID="05DACB30-B3C5-40A0-B780-1BA87BB3928D" comLinkType="cltPageLink"/>
    <linkSource sourcePageID="05B4D03B-5CDB-489D-96AF-0C62D8E3728E" comID="73B1D2C7-5CCA-4D7F-942E-ECDD1EA57E2E" comLinkType="cltPageLink"/>
    <linkSource sourcePageID="05B4D03B-5CDB-489D-96AF-0C62D8E3728E" comID="42DC3800-655D-4AA5-81F7-9612E22FBA00" comLinkType="cltPageLink"/>
    <linkSource sourcePageID="09B867AD-8FC7-44DD-ADD0-B07DA24A9A87" comID="4B419EB6-81A6-48B1-8082-5C21FFD3D884" comLinkType="cltPageLink"/>
    <linkSource sourcePageID="3949D9E9-A544-45F2-8DDD-BCB441A9BAB4" comID="7E3F30C5-DCF8-4BF2-B7B0-8627BC5B7CD3" comLinkType="cltPageLink"/>
    <linkSource sourcePageID="3949D9E9-A544-45F2-8DDD-BCB441A9BAB4" comID="E1D13B94-226F-4D35-BE80-9D498E65F9F9" comLinkType="cltPageLink"/>
    <linkSource sourcePageID="312FE25A-509D-4480-AFB7-65C41F710D60" comID="A9BE5496-2467-45C6-AD20-92AA2128051A" comLinkType="cltPageLink"/>
    <linkSource sourcePageID="312FE25A-509D-4480-AFB7-65C41F710D60" comID="902B712B-BB05-4A69-A48B-427532F86DA7" comLinkType="cltPageLink"/>
    <linkSource sourcePageID="7C5F2EE7-736D-410A-9DCA-E66EF37C562C" comID="F90A2A08-7680-49DF-B995-82A0F6D3353D" comLinkType="cltPageLink"/>
    <linkSource sourcePageID="7C5F2EE7-736D-410A-9DCA-E66EF37C562C" comID="E4917458-3071-472D-B539-C8E31ACD2923" comLinkType="cltPageLink"/>
    <linkSource sourcePageID="FAD1B585-30E2-4B4B-AD93-6C1EFF35203C" comID="3DA57C55-5544-49BE-A0FB-4713FEC92E00" comLinkType="cltPageLink"/>
    <linkSource sourcePageID="5C92024A-5312-4579-AEF5-AA516B317194" comID="29D1ABA9-5A3E-47A9-BAA7-2D7B7D51FB26" comLinkType="cltPageLink"/>
    <linkSource sourcePageID="801497A4-FDC3-43C9-A530-6963AA01E4FB" comID="C13B8F30-7F5E-453B-A4EF-06B5733E76CA" comLinkType="cltPageLink"/>
    <linkSource sourcePageID="E607C53E-AE98-4034-8537-E63F332218F9" comID="46BF241E-53AF-4F48-833D-1ED97CEC7929" comLinkType="cltPageLink"/>
  </page>
  <page ID="7C5F2EE7-736D-410A-9DCA-E66EF37C562C">
    <linkSource sourcePageID="DD15667D-F578-4164-B09A-E4F68C3AE0B0" comID="F0357D5B-503A-4E4C-A3E5-E7486BF1F4CD" comLinkType="cltPageLink"/>
    <linkSource sourcePageID="24611FF3-AD0D-4192-A844-A58F95AA3808" comID="05DACB30-B3C5-40A0-B780-1BA87BB3928D" comLinkType="cltPageLink"/>
    <linkSource sourcePageID="05B4D03B-5CDB-489D-96AF-0C62D8E3728E" comID="73B1D2C7-5CCA-4D7F-942E-ECDD1EA57E2E" comLinkType="cltPageLink"/>
    <linkSource sourcePageID="05B4D03B-5CDB-489D-96AF-0C62D8E3728E" comID="42DC3800-655D-4AA5-81F7-9612E22FBA00" comLinkType="cltPageLink"/>
    <linkSource sourcePageID="09B867AD-8FC7-44DD-ADD0-B07DA24A9A87" comID="4B419EB6-81A6-48B1-8082-5C21FFD3D884" comLinkType="cltPageLink"/>
    <linkSource sourcePageID="3949D9E9-A544-45F2-8DDD-BCB441A9BAB4" comID="7E3F30C5-DCF8-4BF2-B7B0-8627BC5B7CD3" comLinkType="cltPageLink"/>
    <linkSource sourcePageID="3949D9E9-A544-45F2-8DDD-BCB441A9BAB4" comID="E1D13B94-226F-4D35-BE80-9D498E65F9F9" comLinkType="cltPageLink"/>
    <linkSource sourcePageID="312FE25A-509D-4480-AFB7-65C41F710D60" comID="A9BE5496-2467-45C6-AD20-92AA2128051A" comLinkType="cltPageLink"/>
    <linkSource sourcePageID="7C5F2EE7-736D-410A-9DCA-E66EF37C562C" comID="F90A2A08-7680-49DF-B995-82A0F6D3353D" comLinkType="cltPageLink"/>
    <linkSource sourcePageID="7C5F2EE7-736D-410A-9DCA-E66EF37C562C" comID="E4917458-3071-472D-B539-C8E31ACD2923" comLinkType="cltPageLink"/>
    <linkSource sourcePageID="FAD1B585-30E2-4B4B-AD93-6C1EFF35203C" comID="3DA57C55-5544-49BE-A0FB-4713FEC92E00" comLinkType="cltPageLink"/>
    <linkSource sourcePageID="FAD1B585-30E2-4B4B-AD93-6C1EFF35203C" comID="47A3979D-3C88-4B29-A94A-A91433C928D2" comLinkType="cltPageLink"/>
    <linkSource sourcePageID="5C92024A-5312-4579-AEF5-AA516B317194" comID="29D1ABA9-5A3E-47A9-BAA7-2D7B7D51FB26" comLinkType="cltPageLink"/>
    <linkSource sourcePageID="801497A4-FDC3-43C9-A530-6963AA01E4FB" comID="C13B8F30-7F5E-453B-A4EF-06B5733E76CA" comLinkType="cltPageLink"/>
    <linkSource sourcePageID="E607C53E-AE98-4034-8537-E63F332218F9" comID="A560A924-0955-4F55-8602-D680BA546787" comLinkType="cltPageLink"/>
  </page>
  <page ID="FAD1B585-30E2-4B4B-AD93-6C1EFF35203C">
    <linkSource sourcePageID="DD15667D-F578-4164-B09A-E4F68C3AE0B0" comID="F0357D5B-503A-4E4C-A3E5-E7486BF1F4CD" comLinkType="cltPageLink"/>
    <linkSource sourcePageID="24611FF3-AD0D-4192-A844-A58F95AA3808" comID="05DACB30-B3C5-40A0-B780-1BA87BB3928D" comLinkType="cltPageLink"/>
    <linkSource sourcePageID="05B4D03B-5CDB-489D-96AF-0C62D8E3728E" comID="73B1D2C7-5CCA-4D7F-942E-ECDD1EA57E2E" comLinkType="cltPageLink"/>
    <linkSource sourcePageID="05B4D03B-5CDB-489D-96AF-0C62D8E3728E" comID="42DC3800-655D-4AA5-81F7-9612E22FBA00" comLinkType="cltPageLink"/>
    <linkSource sourcePageID="09B867AD-8FC7-44DD-ADD0-B07DA24A9A87" comID="4B419EB6-81A6-48B1-8082-5C21FFD3D884" comLinkType="cltPageLink"/>
    <linkSource sourcePageID="3949D9E9-A544-45F2-8DDD-BCB441A9BAB4" comID="7E3F30C5-DCF8-4BF2-B7B0-8627BC5B7CD3" comLinkType="cltPageLink"/>
    <linkSource sourcePageID="3949D9E9-A544-45F2-8DDD-BCB441A9BAB4" comID="E1D13B94-226F-4D35-BE80-9D498E65F9F9" comLinkType="cltPageLink"/>
    <linkSource sourcePageID="312FE25A-509D-4480-AFB7-65C41F710D60" comID="A9BE5496-2467-45C6-AD20-92AA2128051A" comLinkType="cltPageLink"/>
    <linkSource sourcePageID="7C5F2EE7-736D-410A-9DCA-E66EF37C562C" comID="F90A2A08-7680-49DF-B995-82A0F6D3353D" comLinkType="cltPageLink"/>
    <linkSource sourcePageID="FAD1B585-30E2-4B4B-AD93-6C1EFF35203C" comID="3DA57C55-5544-49BE-A0FB-4713FEC92E00" comLinkType="cltPageLink"/>
    <linkSource sourcePageID="FAD1B585-30E2-4B4B-AD93-6C1EFF35203C" comID="47A3979D-3C88-4B29-A94A-A91433C928D2" comLinkType="cltPageLink"/>
    <linkSource sourcePageID="5C92024A-5312-4579-AEF5-AA516B317194" comID="29D1ABA9-5A3E-47A9-BAA7-2D7B7D51FB26" comLinkType="cltPageLink"/>
    <linkSource sourcePageID="5C92024A-5312-4579-AEF5-AA516B317194" comID="CE4E8A7C-9175-44AB-B670-684750106C8D" comLinkType="cltPageLink"/>
    <linkSource sourcePageID="801497A4-FDC3-43C9-A530-6963AA01E4FB" comID="C13B8F30-7F5E-453B-A4EF-06B5733E76CA" comLinkType="cltPageLink"/>
    <linkSource sourcePageID="E607C53E-AE98-4034-8537-E63F332218F9" comID="73881F02-BBC6-43FD-AD8B-391431A63EB4" comLinkType="cltPageLink"/>
  </page>
  <page ID="5C92024A-5312-4579-AEF5-AA516B317194">
    <linkSource sourcePageID="DD15667D-F578-4164-B09A-E4F68C3AE0B0" comID="F0357D5B-503A-4E4C-A3E5-E7486BF1F4CD" comLinkType="cltPageLink"/>
    <linkSource sourcePageID="24611FF3-AD0D-4192-A844-A58F95AA3808" comID="05DACB30-B3C5-40A0-B780-1BA87BB3928D" comLinkType="cltPageLink"/>
    <linkSource sourcePageID="05B4D03B-5CDB-489D-96AF-0C62D8E3728E" comID="73B1D2C7-5CCA-4D7F-942E-ECDD1EA57E2E" comLinkType="cltPageLink"/>
    <linkSource sourcePageID="05B4D03B-5CDB-489D-96AF-0C62D8E3728E" comID="42DC3800-655D-4AA5-81F7-9612E22FBA00" comLinkType="cltPageLink"/>
    <linkSource sourcePageID="09B867AD-8FC7-44DD-ADD0-B07DA24A9A87" comID="4B419EB6-81A6-48B1-8082-5C21FFD3D884" comLinkType="cltPageLink"/>
    <linkSource sourcePageID="3949D9E9-A544-45F2-8DDD-BCB441A9BAB4" comID="7E3F30C5-DCF8-4BF2-B7B0-8627BC5B7CD3" comLinkType="cltPageLink"/>
    <linkSource sourcePageID="3949D9E9-A544-45F2-8DDD-BCB441A9BAB4" comID="E1D13B94-226F-4D35-BE80-9D498E65F9F9" comLinkType="cltPageLink"/>
    <linkSource sourcePageID="312FE25A-509D-4480-AFB7-65C41F710D60" comID="A9BE5496-2467-45C6-AD20-92AA2128051A" comLinkType="cltPageLink"/>
    <linkSource sourcePageID="7C5F2EE7-736D-410A-9DCA-E66EF37C562C" comID="F90A2A08-7680-49DF-B995-82A0F6D3353D" comLinkType="cltPageLink"/>
    <linkSource sourcePageID="FAD1B585-30E2-4B4B-AD93-6C1EFF35203C" comID="3DA57C55-5544-49BE-A0FB-4713FEC92E00" comLinkType="cltPageLink"/>
    <linkSource sourcePageID="5C92024A-5312-4579-AEF5-AA516B317194" comID="29D1ABA9-5A3E-47A9-BAA7-2D7B7D51FB26" comLinkType="cltPageLink"/>
    <linkSource sourcePageID="5C92024A-5312-4579-AEF5-AA516B317194" comID="CE4E8A7C-9175-44AB-B670-684750106C8D" comLinkType="cltPageLink"/>
    <linkSource sourcePageID="801497A4-FDC3-43C9-A530-6963AA01E4FB" comID="C13B8F30-7F5E-453B-A4EF-06B5733E76CA" comLinkType="cltPageLink"/>
    <linkSource sourcePageID="E607C53E-AE98-4034-8537-E63F332218F9" comID="35704D77-027D-4BCC-AB58-DF43C48BA2BC" comLinkType="cltPageLink"/>
    <linkSource sourcePageID="901872BE-ABD1-4E3E-A86A-5B17FBFFAAC4" comID="070F3FDE-43AB-410D-AB3A-C38A7658858B" comLinkType="cltPageLink"/>
  </page>
  <page ID="901872BE-ABD1-4E3E-A86A-5B17FBFFAAC4">
    <linkSource sourcePageID="24611FF3-AD0D-4192-A844-A58F95AA3808" comID="791D44D5-3839-406F-97D5-12D7F2DD9B37" comLinkType="cltPageLink"/>
    <linkSource sourcePageID="05B4D03B-5CDB-489D-96AF-0C62D8E3728E" comID="BDF212B9-BDF2-495B-A82E-DC694CE78606" comLinkType="cltPageLink"/>
    <linkSource sourcePageID="05B4D03B-5CDB-489D-96AF-0C62D8E3728E" comID="E0768AB7-D70F-4A53-BA4C-DDE88555FE01" comLinkType="cltPageLink"/>
    <linkSource sourcePageID="09B867AD-8FC7-44DD-ADD0-B07DA24A9A87" comID="7FA11153-53E2-428C-A2E5-B6E2AF5F5DA9" comLinkType="cltPageLink"/>
    <linkSource sourcePageID="3949D9E9-A544-45F2-8DDD-BCB441A9BAB4" comID="2CF1B5EE-F094-4FAB-A68E-B00EA0664ECE" comLinkType="cltPageLink"/>
    <linkSource sourcePageID="3949D9E9-A544-45F2-8DDD-BCB441A9BAB4" comID="3B81F876-C124-4D3E-9AC6-853BAB6DCFFC" comLinkType="cltPageLink"/>
    <linkSource sourcePageID="312FE25A-509D-4480-AFB7-65C41F710D60" comID="35D47DC4-1BDA-4ADF-83A8-48020A53F4C5" comLinkType="cltPageLink"/>
    <linkSource sourcePageID="7C5F2EE7-736D-410A-9DCA-E66EF37C562C" comID="613CF855-52CE-41D3-8A50-C371C0F7171A" comLinkType="cltPageLink"/>
    <linkSource sourcePageID="FAD1B585-30E2-4B4B-AD93-6C1EFF35203C" comID="D2278EF0-0CD3-4CEE-8B31-2EC942FCC036" comLinkType="cltPageLink"/>
    <linkSource sourcePageID="5C92024A-5312-4579-AEF5-AA516B317194" comID="D65D31FE-2E7E-4E92-B7DA-9C55B29A8E90" comLinkType="cltPageLink"/>
    <linkSource sourcePageID="901872BE-ABD1-4E3E-A86A-5B17FBFFAAC4" comID="070F3FDE-43AB-410D-AB3A-C38A7658858B" comLinkType="cltPageLink"/>
  </page>
  <page ID="1922D841-7BA8-42E0-ABF3-8A43F75ECABC">
    <linkSource sourcePageID="D9B50897-D00D-4C59-8AD4-3BC2491D071E" comID="56A24B98-6237-40F8-BEA5-221F96EFF8B9" comLinkType="cltPageLink"/>
  </page>
  <page ID="C3EE83AE-880E-4F00-8F22-D225F99F1D94">
    <linkSource sourcePageID="DD15667D-F578-4164-B09A-E4F68C3AE0B0" comID="F0357D5B-503A-4E4C-A3E5-E7486BF1F4CD" comLinkType="cltPageLink"/>
  </page>
</LinkSources>