﻿<mockup version="5.3" minAllowVersion="5.3" ID="1922D841-7BA8-42E0-ABF3-8A43F75ECABC" platform="MtDesktop" defaultW="878" defaultH="755" measureW="878" measureH="558" mobileScreenScale="0">
  <controls controlCount="9">
    <control controlID="BF70DA23-8DA8-4A51-A490-8516723F04D0" controlTypeID="TextArea" x="353" y="106" w="240" h="66" zOrder="0">
      <font family="Segoe+UI" displayName="Segoe+UI+Bold" postScript="" weightStyle="Bold" weight="700" isBold="True" isItalic="False"/>
      <text>Welcome+to</text>
      <textSize>28</textSize>
      <textStyles>[fsBold]</textStyles>
      <useDefaultTextSize>False</useDefaultTextSize>
      <selectedIndex>-1</selectedIndex>
    </control>
    <control controlID="A23CCAE6-E6C9-42F5-AAE2-B5CAF161EB5D" controlTypeID="Image" x="287" y="144" w="306" h="100" zOrder="1">
      <URL>88224FB92E52A59EEBB3C9477E457B90.png</URL>
    </control>
    <control controlID="B4499F24-C4C1-4762-96BA-FCB5359FA596" controlTypeID="TextArea" x="287" y="271" w="240" h="66" zOrder="2">
      <font family="Segoe+UI" displayName="Segoe+UI" postScript="" weightStyle="Regular" weight="400" isBold="False" isItalic="False"/>
      <text>Email%3A</text>
      <textSize>16</textSize>
      <useDefaultTextSize>False</useDefaultTextSize>
      <selectedIndex>-1</selectedIndex>
    </control>
    <control controlID="D0360172-BF53-4DBA-A5DB-16D663A1CD64" controlTypeID="TextArea" x="287" y="314" w="240" h="66" zOrder="3">
      <font family="Segoe+UI" displayName="Segoe+UI" postScript="" weightStyle="Regular" weight="400" isBold="False" isItalic="False"/>
      <text>Password%3A</text>
      <textSize>16</textSize>
      <useDefaultTextSize>False</useDefaultTextSize>
      <selectedIndex>-1</selectedIndex>
    </control>
    <control controlID="1D1CD4B9-C3B5-4A54-BB78-A610F5ED2482" controlTypeID="TextInput" x="360" y="271" w="222" h="24" zOrder="4">
      <font family="Segoe+UI" displayName="Segoe+UI" postScript="" weightStyle="Regular" weight="400" isBold="False" isItalic="False"/>
      <textSize>12</textSize>
      <lineSpacing>0</lineSpacing>
      <selectedIndex>-1</selectedIndex>
    </control>
    <control controlID="A1A7F054-630E-4F2C-8347-6DFFC5C5FA74" controlTypeID="TextInput" x="360" y="314" w="222" h="24" zOrder="5">
      <font family="Segoe+UI" displayName="Segoe+UI" postScript="" weightStyle="Regular" weight="400" isBold="False" isItalic="False"/>
      <textSize>12</textSize>
      <lineSpacing>0</lineSpacing>
      <selectedIndex>-1</selectedIndex>
    </control>
    <control controlID="87591EBC-22B0-4AA5-9E82-52E22B23615E" controlTypeID="Button" x="390" y="405" w="110" h="47" zOrder="6">
      <states>
        <state propName="Color" stateType="state_mouseOver" isChecked="True" value="4278190080" varType="20"/>
      </states>
      <color>4278242559</color>
      <borderVisible>False</borderVisible>
      <links eventType="AtClick" animate="AmNone" animateAutoDelay="0" animateDuration="500">
        <link targetPageID="D9B50897-D00D-4C59-8AD4-3BC2491D071E" linkType="ltPageLink" isApplyIncludePage="False" title="Login">
          <area shape="0" alt="" ID="{2154C51E-2ADE-4D78-B23E-88EF287156D0}" coords="(0,0,110,47)"/>
        </link>
      </links>
      <font family="Segoe+UI" displayName="Segoe+UI" postScript="" weightStyle="Regular" weight="400" isBold="False" isItalic="False" useDefaultFontFamily="False"/>
      <text>Register</text>
      <textColor>4294967295</textColor>
      <textSize>12</textSize>
      <lineSpacing>0</lineSpacing>
      <selectedIndex>-1</selectedIndex>
      <radius>100</radius>
      <radiusIsPercent>True</radiusIsPercent>
    </control>
    <control controlID="D8562CD1-2E87-43FB-8CEB-C10CFA63B6E3" controlTypeID="TextArea" x="287" y="355" w="240" h="66" zOrder="7">
      <font family="Segoe+UI" displayName="Segoe+UI" postScript="" weightStyle="Regular" weight="400" isBold="False" isItalic="False"/>
      <text>Confirm+Password%3A</text>
      <textSize>16</textSize>
      <useDefaultTextSize>False</useDefaultTextSize>
      <selectedIndex>-1</selectedIndex>
    </control>
    <control controlID="31C5C4F4-6034-431E-95DE-C107013B5157" controlTypeID="TextInput" x="430" y="355" w="152" h="24" zOrder="8">
      <font family="Segoe+UI" displayName="Segoe+UI" postScript="" weightStyle="Regular" weight="400" isBold="False" isItalic="False"/>
      <textSize>12</textSize>
      <lineSpacing>0</lineSpacing>
      <selectedIndex>-1</selectedIndex>
    </control>
  </controls>
  <param>
    <backgroundColor>4294967295</backgroundColor>
    <fontSize>12</fontSize>
    <fontFamily>Segoe+UI</fontFamily>
    <guideLines/>
  </param>
</mockup>