﻿<mockup version="5.3" minAllowVersion="5.3" ID="24611FF3-AD0D-4192-A844-A58F95AA3808" platform="MtDesktop" defaultW="878" defaultH="755" measureW="878" measureH="2649" mobileScreenScale="0">
  <controls controlCount="12">
    <control controlID="464C4F57-D48B-4284-8892-1E85E878DCDA" controlTypeID="BreadCrumbs" x="20" y="2624" w="176" h="16" zOrder="0">
      <links eventType="AtClick" animate="AmNone" animateAutoDelay="0" animateDuration="500">
        <link targetPageID="DD15667D-F578-4164-B09A-E4F68C3AE0B0" linkType="ltPageLink" isApplyIncludePage="False" title="E-history">
          <area shape="0" alt="" ID="{880E4E60-B980-4ACF-9E55-F3D54A9F8A54}" coords="(0,0,47,16)"/>
        </link>
        <link targetPageID="E607C53E-AE98-4034-8537-E63F332218F9" linkType="ltPageLink" isApplyIncludePage="False" title="Courses">
          <area shape="0" alt="" ID="{FB3F4EF5-10C1-43D8-87D0-3A3762F01F0F}" coords="(59,0,101,16)"/>
        </link>
        <link targetPageID="24611FF3-AD0D-4192-A844-A58F95AA3808" linkType="ltPageLink" isApplyIncludePage="False" title="World+War+I">
          <area shape="0" alt="" ID="{71E02B17-7523-470A-A588-02B1709E752F}" coords="(113,0,176,16)"/>
        </link>
      </links>
      <font family="Segoe+UI" displayName="Segoe+UI" postScript="" weightStyle="Regular" weight="400" isBold="False" isItalic="False"/>
      <text>E-history%2CCourses%2CWorld+War+I</text>
      <lineSpacing>0</lineSpacing>
    </control>
    <control controlID="05DACB30-B3C5-40A0-B780-1BA87BB3928D" controlTypeID="List" x="71" y="206" w="168" h="252" zOrder="1">
      <verticalScrollbarShow>True</verticalScrollbarShow>
      <links eventType="AtClick" animate="AmNone" animateAutoDelay="0" animateDuration="500">
        <link targetPageID="24611FF3-AD0D-4192-A844-A58F95AA3808" linkType="ltPageLink" isApplyIncludePage="False" title="World+War+I">
          <area shape="0" alt="" ID="{4DB4179F-AB37-418D-B063-C666801FD12A}" coords="(1,1,167,26)"/>
        </link>
        <link targetPageID="05B4D03B-5CDB-489D-96AF-0C62D8E3728E" linkType="ltPageLink" isApplyIncludePage="False" title="World+war+II">
          <area shape="0" alt="" ID="{C9B9B002-4E05-4542-82A4-C0A92260F5E3}" coords="(1,26,167,51)"/>
        </link>
        <link targetPageID="09B867AD-8FC7-44DD-ADD0-B07DA24A9A87" linkType="ltPageLink" isApplyIncludePage="False" title="The+Cold+War">
          <area shape="0" alt="" ID="{BEEF219D-4720-4876-8FD4-689365684BAF}" coords="(1,51,167,76)"/>
        </link>
        <link targetPageID="3949D9E9-A544-45F2-8DDD-BCB441A9BAB4" linkType="ltPageLink" isApplyIncludePage="False" title="Roman+Empire">
          <area shape="0" alt="" ID="{1026831E-E910-4692-BE92-3C50CD931924}" coords="(1,76,167,101)"/>
        </link>
        <link targetPageID="312FE25A-509D-4480-AFB7-65C41F710D60" linkType="ltPageLink" isApplyIncludePage="False" title="Vietnam+War">
          <area shape="0" alt="" ID="{5015D072-0B6E-4D01-879C-783972853367}" coords="(1,101,167,126)"/>
        </link>
        <link targetPageID="7C5F2EE7-736D-410A-9DCA-E66EF37C562C" linkType="ltPageLink" isApplyIncludePage="False" title="American+Civil+War">
          <area shape="0" alt="" ID="{31D241D9-F16A-4828-B6A8-A8D878187D3E}" coords="(1,126,167,151)"/>
        </link>
        <link targetPageID="FAD1B585-30E2-4B4B-AD93-6C1EFF35203C" linkType="ltPageLink" isApplyIncludePage="False" title="Industrial+Revolution">
          <area shape="0" alt="" ID="{B45B9009-CFD6-4A6C-95D3-2D6AEB5BCCAF}" coords="(1,151,167,176)"/>
        </link>
        <link targetPageID="5C92024A-5312-4579-AEF5-AA516B317194" linkType="ltPageLink" isApplyIncludePage="False" title="Great+Depression">
          <area shape="0" alt="" ID="{F3E5965D-23EF-48AF-9CFD-1F31F4077158}" coords="(1,176,167,201)"/>
        </link>
      </links>
      <font family="Segoe+UI" displayName="Segoe+UI" postScript="" weightStyle="Regular" weight="400" isBold="False" isItalic="False" useDefaultFontFamily="False"/>
      <text>World+War+I%0D%0AWorld+war+II%0D%0AThe+Cold+War%0D%0ARoman+Empire%0D%0AVietnam+War%0D%0AAmerican+Civil+War%0D%0AIndustrial+Revolution%0D%0AGreat+Depression%0D%0A</text>
      <lineSpacing>0</lineSpacing>
    </control>
    <control controlID="470E27CA-23F6-4078-8E8A-FCE7602B415A" controlTypeID="MenuBar" x="384" y="52" w="282" h="48" zOrder="2">
      <links eventType="AtClick" animate="AmNone" animateAutoDelay="0" animateDuration="500">
        <link targetPageID="DD15667D-F578-4164-B09A-E4F68C3AE0B0" linkType="ltPageLink" isApplyIncludePage="False" title="Home">
          <area shape="0" alt="" ID="{C664EFFC-03AD-4CE0-8399-A0DD29FBC158}" coords="(0,0,63,48)"/>
        </link>
        <link targetPageID="801497A4-FDC3-43C9-A530-6963AA01E4FB" linkType="ltPageLink" isApplyIncludePage="False" title="+Profile">
          <area shape="0" alt="" ID="{2592FD68-F7E1-45DC-A118-B906D4C73F67}" coords="(63,0,131,48)"/>
        </link>
        <link targetPageID="E607C53E-AE98-4034-8537-E63F332218F9" linkType="ltPageLink" isApplyIncludePage="False" title="+Courses">
          <area shape="0" alt="" ID="{10F3683A-34F9-41E4-980D-5B4D9020304D}" coords="(131,0,207,48)"/>
        </link>
      </links>
      <font family="Segoe+UI" displayName="Segoe+UI" postScript="" weightStyle="Regular" weight="400" isBold="False" isItalic="False"/>
      <text>Home%2C+Profile%2C+Courses</text>
      <lineSpacing>0</lineSpacing>
      <selectedIndex>2</selectedIndex>
    </control>
    <control controlID="CB7EB70E-276B-4FF8-A531-4CF418D693E2" controlTypeID="Image" x="796" y="26" w="66" h="56" zOrder="3">
      <clipShapeType>SbEllipse</clipShapeType>
      <URL>B5262111FDCF61006F3AE29A20B31320.jpg</URL>
    </control>
    <control controlID="8268A79C-3FE2-4B85-8FEF-76BF9DFD2A55" controlTypeID="Label" x="802" y="92" w="52" h="16" zOrder="4">
      <font family="Segoe+UI" displayName="Segoe+UI" postScript="" weightStyle="Regular" weight="400" isBold="False" isItalic="False"/>
      <text>Welcome%2C</text>
      <textSize>12</textSize>
      <lineSpacing>0</lineSpacing>
      <selectedIndex>-1</selectedIndex>
    </control>
    <control controlID="0BD426B1-8D8A-42EF-A99B-E1A51FE714D4" controlTypeID="Label" x="804" y="108" w="50" h="16" zOrder="5">
      <font family="Segoe+UI" displayName="Segoe+UI" postScript="" weightStyle="Regular" weight="400" isBold="False" isItalic="False"/>
      <text>John+Doe</text>
      <textSize>12</textSize>
      <lineSpacing>0</lineSpacing>
      <selectedIndex>-1</selectedIndex>
    </control>
    <control controlID="C66F40B0-E7C4-4340-B419-0599451F316E" controlTypeID="TextArea" x="298" y="153" w="429" h="66" zOrder="6">
      <font family="Segoe+UI" displayName="Segoe+UI+Bold" postScript="" weightStyle="Bold" weight="700" isBold="True" isItalic="False"/>
      <text>World+War+I</text>
      <textSize>28</textSize>
      <textStyles>[fsBold]</textStyles>
      <useDefaultTextSize>False</useDefaultTextSize>
      <selectedIndex>-1</selectedIndex>
    </control>
    <control controlID="EF714CE5-9FD0-4B9B-A038-C88EC2D1C1A3" controlTypeID="Image" x="79" y="33" w="222" h="67" zOrder="7">
      <links eventType="AtClick" animate="AmNone" animateAutoDelay="0" animateDuration="500">
        <link targetPageID="DD15667D-F578-4164-B09A-E4F68C3AE0B0" linkType="ltPageLink" isApplyIncludePage="False" title="Home">
          <area shape="0" alt="" ID="{DCDC62F6-298B-4661-8487-A8B6904A284B}" coords="(0,0,222,67)"/>
        </link>
      </links>
      <URL>88224FB92E52A59EEBB3C9477E457B90.png</URL>
    </control>
    <control controlID="BD11E860-80A6-46E5-A9A1-2817EEE887FD" controlTypeID="TextArea" x="298" y="206" w="429" h="2022" zOrder="8">
      <font family="Segoe+UI" displayName="Segoe+UI" postScript="" weightStyle="Regular" weight="400" isBold="False" isItalic="False"/>
      <text>World+War+I+or+The+First+World+War%2C+often+abbreviated+as+WWI+or+WW1%2C+began+on+the+28th+of+July%2C+1914+and+ended+on+the+11th+of+November%2C+1918.+Referred+to+by+contemporaries+as+the+%22Great+War%22%2C+belligerents+included+much+of+Europe%2C+Russia%2C+the+United+States+and+Turkey%2C+with+fighting+also+expanding+into+the+Middle+East%2C+Africa+and+parts+of+Asia.+One+of+the+deadliest+conflicts+in+history%2C+an+estimated+9+million+were+killed+in+combat%2C+while+over+5+million+civilians+died+from+occupation%2C+bombardment%2C+hunger+or+disease.+Millions+of+additional+deaths+resulted+from+genocides+within+the+Ottoman+Empire+and+the+1918+Spanish+flu+pandemic%2C+which+was+exacerbated+by+the+movement+of+combatants+during+the+war.%0D%0A%0D%0ABy+1914%2C+the+European+Great+powers+were+divided+into+the+Triple+Entente+of+France%2C+Russia%2C+and+Britain%2C+and+Triple+Alliance%2C+Germany%2C+Austria-Hungary%2C+and+Italy.+Tensions+in+the+Balkans+came+to+a+head+on+28+June+1914+following+the+assassination+of+Archduke+Franz+Ferdinand%2C+the+Austro-Hungarian+heir%2C+by+Gavrilo+Princip%2C+a+Bosnian+Serb.+Austria-Hungary+blamed+Serbia+and+led+to+the+July+Crisis%2C+an+unsuccessful+attempt+to+avoid+conflict+through+diplomacy.+When+Austria-Hungary+declared+war+on+Serbia+on+28+July%2C+Russia+came+to+its+defence+and+by+4+August+the+system+of+alliances+drew+in+Germany%2C+France+and+Britain%2C+along+with+their+respective+empires.+In+November%2C+the+Ottoman+Empire%2C+Germany+and+Austria+formed+the+Central+Powers%2C+while+in+April+1915%2C+Italy+joined+Britain%2C+France%2C+Russia+and+Serbia+as+the+Allied+Powers.%0D%0A%0D%0AFacing+a+war+on+two+fronts%2C+German+strategy+in+1914+was+to+first+defeat+France%2C+then+shift+its+forces+to+the+East+and+knock+out+Russia%2C+commonly+known+as+the+Schlieffen+Plan.+Their+advance+into+France+failed+and+by+the+end+of+1914+the+two+sides+faced+each+other+along+the+Western+Front%2C+a+continuous+series+of+trench+lines+stretching+from+the+Channel+to+Switzerland+that+changed+little+until+1917.+By+contrast%2C+the+Eastern+Front+was+far+more+fluid%2C+with+Austria-Hungary+and+Russia+gaining%2C+then+losing+large+swathes+of+territory.+Other+significant+theatres+included+the+Middle+East%2C+the+Alpine+Front+and+the+Balkans%2C+bringing+Bulgaria%2C+Romania+and+Greece+into+the+war.%0D%0A%0D%0AShortages+caused+by+the+Allied+naval+blockade+led+Germany+to+initiate+unrestricted+submarine+warfare+in+early+1917%2C+bringing+the+previously+neutral+United+States+into+the+war+on+6+April+1917.+In+Russia%2C+the+Bolsheviks+seized+power+in+the+1917+October+Revolution+and+made+peace+in+the+March+1918+Treaty+of+Brest-Litovsk%2C+freeing+up+large+numbers+of+German+troops.+By+transferring+these+to+the+Western+Front%2C+the+German+General+Staff+hoped+to+win+a+decisive+victory+before+American+reinforcements+could+impact+the+war%2C+and+launched+the+March+1918+German+spring+offensive.+Despite+initial+success%2C+it+was+soon+halted+by+heavy+casualties+and+ferocious+defence%3B+in+August%2C+the+Allies+launched+the+Hundred+Days+Offensive+and+although+the+German+army+continued+to+fight+hard%2C+it+could+no+longer+halt+their+advance.%0D%0A%0D%0ATowards+the+end+of+1918%2C+the+Central+Powers+began+to+collapse%3B+Bulgaria+signed+an+Armistice+on+29+September%2C+followed+by+the+Ottomans+on+31+October%2C+then+Austria-Hungary+on+3+November.+Isolated%2C+facing+revolution+at+home+and+an+army+on+the+verge+of+mutiny%2C+Kaiser+Wilhelm+abdicated+on+9+November+and+the+new+German+government+signed+the+Armistice+of+11+November+1918%2C+bringing+the+fighting+to+a+close.+The+1919+Paris+Peace+Conference+imposed+various+settlements+on+the+defeated+powers%2C+the+best+known+being+the+Treaty+of+Versailles.+The+dissolution+of+the+Russian%2C+German%2C+Ottoman+and+Austro-Hungarian+empires+led+to+numerous+uprisings+and+the+creation+of+independent+states%2C+including+Poland%2C+Czechoslovakia+and+Yugoslavia.+For+reasons+that+are+still+debated%2C+failure+to+manage+the+instability+that+resulted+from+this+upheaval+during+the+interwar+period+ended+with+the+outbreak+of+World+War+II+in+1939.</text>
      <textSize>18</textSize>
      <useDefaultTextSize>False</useDefaultTextSize>
      <selectedIndex>-1</selectedIndex>
    </control>
    <control controlID="DC95A3A9-D1BB-4B60-945F-0122A51D8465" controlTypeID="Label" x="804" y="134" w="44" h="16" zOrder="9">
      <color>13382502</color>
      <links eventType="AtClick" animate="AmNone" animateAutoDelay="0" animateDuration="500">
        <link targetPageID="D9B50897-D00D-4C59-8AD4-3BC2491D071E" linkType="ltPageLink" isApplyIncludePage="False" title="Login">
          <area shape="0" alt="" ID="{D168A615-D852-44DD-A179-65EB313756E0}" coords="(0,0,44,16)"/>
        </link>
      </links>
      <font family="Segoe+UI" displayName="Segoe+UI" postScript="" weightStyle="Regular" weight="400" isBold="False" isItalic="False"/>
      <text>Sign+out</text>
      <textColor>4278216447</textColor>
      <textSize>12</textSize>
      <lineSpacing>0</lineSpacing>
      <textStyles>[fsUnderline]</textStyles>
      <selectedIndex>-1</selectedIndex>
    </control>
    <control controlID="3D532A5B-FE8B-44C9-9B27-CA5E6548B6AD" controlTypeID="VideoPlayer" x="298" y="2270" w="429" h="267" zOrder="10"/>
    <control controlID="791D44D5-3839-406F-97D5-12D7F2DD9B37" controlTypeID="Button" x="666" y="2612" w="208" h="28" zOrder="11">
      <states>
        <state propName="Color" stateType="state_mouseOver" isChecked="True" value="4278190080" varType="20"/>
      </states>
      <color>4278242559</color>
      <borderVisible>False</borderVisible>
      <links eventType="AtClick" animate="AmNone" animateAutoDelay="0" animateDuration="500">
        <link targetPageID="901872BE-ABD1-4E3E-A86A-5B17FBFFAAC4" linkType="ltPageLink" isApplyIncludePage="False" title="Test">
          <area shape="0" alt="" ID="{2B897855-18A1-455F-BB61-FC9C0028F534}" coords="(0,0,208,28)"/>
        </link>
      </links>
      <font family="Segoe+UI" displayName="Segoe+UI" postScript="" weightStyle="Regular" weight="400" isBold="False" isItalic="False" useDefaultFontFamily="False"/>
      <text>Take+the+Test!!</text>
      <textColor>4294967295</textColor>
      <textSize>12</textSize>
      <lineSpacing>0</lineSpacing>
      <selectedIndex>-1</selectedIndex>
      <radius>100</radius>
      <radiusIsPercent>True</radiusIsPercent>
    </control>
  </controls>
  <param>
    <backgroundColor>4294967295</backgroundColor>
    <fontSize>12</fontSize>
    <fontFamily>Segoe+UI</fontFamily>
    <guideLines/>
  </param>
</mockup>