﻿<mockup version="5.3" minAllowVersion="5.3" ID="312FE25A-509D-4480-AFB7-65C41F710D60" platform="MtDesktop" defaultW="878" defaultH="755" measureW="878" measureH="1023" mobileScreenScale="0">
  <controls controlCount="12">
    <control controlID="A9BE5496-2467-45C6-AD20-92AA2128051A" controlTypeID="List" x="71" y="206" w="168" h="252" zOrder="0">
      <verticalScrollbarShow>True</verticalScrollbarShow>
      <links eventType="AtClick" animate="AmNone" animateAutoDelay="0" animateDuration="500">
        <link targetPageID="24611FF3-AD0D-4192-A844-A58F95AA3808" linkType="ltPageLink" isApplyIncludePage="False" title="World+War+I">
          <area shape="0" alt="" ID="{4DB4179F-AB37-418D-B063-C666801FD12A}" coords="(1,1,167,26)"/>
        </link>
        <link targetPageID="05B4D03B-5CDB-489D-96AF-0C62D8E3728E" linkType="ltPageLink" isApplyIncludePage="False" title="World+war+II">
          <area shape="0" alt="" ID="{C9B9B002-4E05-4542-82A4-C0A92260F5E3}" coords="(1,26,167,51)"/>
        </link>
        <link targetPageID="09B867AD-8FC7-44DD-ADD0-B07DA24A9A87" linkType="ltPageLink" isApplyIncludePage="False" title="The+Cold+War">
          <area shape="0" alt="" ID="{BEEF219D-4720-4876-8FD4-689365684BAF}" coords="(1,51,167,76)"/>
        </link>
        <link targetPageID="3949D9E9-A544-45F2-8DDD-BCB441A9BAB4" linkType="ltPageLink" isApplyIncludePage="False" title="Roman+Empire">
          <area shape="0" alt="" ID="{1026831E-E910-4692-BE92-3C50CD931924}" coords="(1,76,167,101)"/>
        </link>
        <link targetPageID="312FE25A-509D-4480-AFB7-65C41F710D60" linkType="ltPageLink" isApplyIncludePage="False" title="Vietnam+War">
          <area shape="0" alt="" ID="{5015D072-0B6E-4D01-879C-783972853367}" coords="(1,101,167,126)"/>
        </link>
        <link targetPageID="7C5F2EE7-736D-410A-9DCA-E66EF37C562C" linkType="ltPageLink" isApplyIncludePage="False" title="American+Civil+War">
          <area shape="0" alt="" ID="{31D241D9-F16A-4828-B6A8-A8D878187D3E}" coords="(1,126,167,151)"/>
        </link>
        <link targetPageID="FAD1B585-30E2-4B4B-AD93-6C1EFF35203C" linkType="ltPageLink" isApplyIncludePage="False" title="Industrial+Revolution">
          <area shape="0" alt="" ID="{B45B9009-CFD6-4A6C-95D3-2D6AEB5BCCAF}" coords="(1,151,167,176)"/>
        </link>
        <link targetPageID="5C92024A-5312-4579-AEF5-AA516B317194" linkType="ltPageLink" isApplyIncludePage="False" title="Great+Depression">
          <area shape="0" alt="" ID="{F3E5965D-23EF-48AF-9CFD-1F31F4077158}" coords="(1,176,167,201)"/>
        </link>
      </links>
      <font family="Segoe+UI" displayName="Segoe+UI" postScript="" weightStyle="Regular" weight="400" isBold="False" isItalic="False" useDefaultFontFamily="False"/>
      <text>World+War+I%0D%0AWorld+war+II%0D%0AThe+Cold+War%0D%0ARoman+Empire%0D%0AVietnam+War%0D%0AAmerican+Civil+War%0D%0AIndustrial+Revolution%0D%0AGreat+Depression%0D%0A</text>
      <lineSpacing>0</lineSpacing>
      <selectedIndex>4</selectedIndex>
    </control>
    <control controlID="6D100AC3-7C00-4D59-92AF-E4C16CECA4A7" controlTypeID="MenuBar" x="384" y="52" w="282" h="48" zOrder="1">
      <links eventType="AtClick" animate="AmNone" animateAutoDelay="0" animateDuration="500">
        <link targetPageID="DD15667D-F578-4164-B09A-E4F68C3AE0B0" linkType="ltPageLink" isApplyIncludePage="False" title="Home">
          <area shape="0" alt="" ID="{C664EFFC-03AD-4CE0-8399-A0DD29FBC158}" coords="(0,0,63,48)"/>
        </link>
        <link targetPageID="801497A4-FDC3-43C9-A530-6963AA01E4FB" linkType="ltPageLink" isApplyIncludePage="False" title="+Profile">
          <area shape="0" alt="" ID="{2592FD68-F7E1-45DC-A118-B906D4C73F67}" coords="(63,0,131,48)"/>
        </link>
        <link targetPageID="E607C53E-AE98-4034-8537-E63F332218F9" linkType="ltPageLink" isApplyIncludePage="False" title="+Courses">
          <area shape="0" alt="" ID="{10F3683A-34F9-41E4-980D-5B4D9020304D}" coords="(131,0,207,48)"/>
        </link>
      </links>
      <font family="Segoe+UI" displayName="Segoe+UI" postScript="" weightStyle="Regular" weight="400" isBold="False" isItalic="False"/>
      <text>Home%2C+Profile%2C+Courses</text>
      <lineSpacing>0</lineSpacing>
      <selectedIndex>2</selectedIndex>
    </control>
    <control controlID="102769AD-0062-4C7D-A53B-31A809F69904" controlTypeID="TextArea" x="298" y="153" w="429" h="66" zOrder="2">
      <font family="Segoe+UI" displayName="Segoe+UI+Bold" postScript="" weightStyle="Bold" weight="700" isBold="True" isItalic="False"/>
      <text>Vietnam+War</text>
      <textSize>28</textSize>
      <textStyles>[fsBold]</textStyles>
      <useDefaultTextSize>False</useDefaultTextSize>
      <selectedIndex>-1</selectedIndex>
    </control>
    <control controlID="1A850604-0FA3-4110-998D-2D88F254A611" controlTypeID="Image" x="79" y="33" w="222" h="67" zOrder="3">
      <links eventType="AtClick" animate="AmNone" animateAutoDelay="0" animateDuration="500">
        <link targetPageID="DD15667D-F578-4164-B09A-E4F68C3AE0B0" linkType="ltPageLink" isApplyIncludePage="False" title="Home">
          <area shape="0" alt="" ID="{DCDC62F6-298B-4661-8487-A8B6904A284B}" coords="(0,0,222,67)"/>
        </link>
      </links>
      <URL>88224FB92E52A59EEBB3C9477E457B90.png</URL>
    </control>
    <control controlID="FC90633B-AC76-445A-8AB9-4B915971C253" controlTypeID="Image" x="802" y="32" w="66" h="56" zOrder="4">
      <clipShapeType>SbEllipse</clipShapeType>
      <URL>B5262111FDCF61006F3AE29A20B31320.jpg</URL>
    </control>
    <control controlID="95561A76-5E8A-447E-9CFB-375B3EBC433A" controlTypeID="Label" x="808" y="98" w="52" h="16" zOrder="5">
      <font family="Segoe+UI" displayName="Segoe+UI" postScript="" weightStyle="Regular" weight="400" isBold="False" isItalic="False"/>
      <text>Welcome%2C</text>
      <textSize>12</textSize>
      <lineSpacing>0</lineSpacing>
      <selectedIndex>-1</selectedIndex>
    </control>
    <control controlID="98C8FA02-05FF-4B10-ACD6-A55304C26E4D" controlTypeID="Label" x="810" y="114" w="50" h="16" zOrder="6">
      <font family="Segoe+UI" displayName="Segoe+UI" postScript="" weightStyle="Regular" weight="400" isBold="False" isItalic="False"/>
      <text>John+Doe</text>
      <textSize>12</textSize>
      <lineSpacing>0</lineSpacing>
      <selectedIndex>-1</selectedIndex>
    </control>
    <control controlID="87D4A9C5-62A4-4F9E-AFD1-D4F915E3270B" controlTypeID="Label" x="810" y="140" w="44" h="16" zOrder="7">
      <color>13382502</color>
      <links eventType="AtClick" animate="AmNone" animateAutoDelay="0" animateDuration="500">
        <link targetPageID="D9B50897-D00D-4C59-8AD4-3BC2491D071E" linkType="ltPageLink" isApplyIncludePage="False" title="Login">
          <area shape="0" alt="" ID="{D168A615-D852-44DD-A179-65EB313756E0}" coords="(0,0,44,16)"/>
        </link>
      </links>
      <font family="Segoe+UI" displayName="Segoe+UI" postScript="" weightStyle="Regular" weight="400" isBold="False" isItalic="False"/>
      <text>Sign+out</text>
      <textColor>4278216447</textColor>
      <textSize>12</textSize>
      <lineSpacing>0</lineSpacing>
      <textStyles>[fsUnderline]</textStyles>
      <selectedIndex>-1</selectedIndex>
    </control>
    <control controlID="ED1AC979-5FDB-4C84-A52A-5680A647C24D" controlTypeID="TextArea" x="298" y="221" w="429" h="664" zOrder="8">
      <font family="Segoe+UI" displayName="Segoe+UI" postScript="" weightStyle="Regular" weight="400" isBold="False" isItalic="False"/>
      <text>The+Vietnam+War+was+a+long%2C+costly+and+divisive+conflict+that+pitted+the+communist+government+of+North+Vietnam+against+South+Vietnam+and+its+principal+ally%2C+the+United+States.+The+conflict+was+intensified+by+the+ongoing+Cold+War+between+the+United+States+and+the+Soviet+Union.+More+than+3+million+people+(including+over+58%2C000+Americans)+were+killed+in+the+Vietnam+War%2C+and+more+than+half+of+the+dead+were+Vietnamese+civilians.+%0D%0A%0D%0AOpposition+to+the+war+in+the+United+States+bitterly+divided+Americans%2C+even+after+President+Richard+Nixon+signed+the+Paris+Peace+Accords+and+ordered+the+withdrawal+of+U.S.+forces+in+1973.+Communist+forces+ended+the+war+by+seizing+control+of+South+Vietnam+in+1975%2C+and+the+country+was+unified+as+the+Socialist+Republic+of+Vietnam+the+following+year.</text>
      <textSize>18</textSize>
      <useDefaultTextSize>False</useDefaultTextSize>
      <selectedIndex>-1</selectedIndex>
    </control>
    <control controlID="8ED65A43-4CBE-4192-9DA2-989453CCA159" controlTypeID="VideoPlayer" x="298" y="683" w="429" h="267" zOrder="9"/>
    <control controlID="35D47DC4-1BDA-4ADF-83A8-48020A53F4C5" controlTypeID="Button" x="660" y="987" w="208" h="28" zOrder="10">
      <states>
        <state propName="Color" stateType="state_mouseOver" isChecked="True" value="4278190080" varType="20"/>
      </states>
      <color>4278242559</color>
      <borderVisible>False</borderVisible>
      <links eventType="AtClick" animate="AmNone" animateAutoDelay="0" animateDuration="500">
        <link targetPageID="901872BE-ABD1-4E3E-A86A-5B17FBFFAAC4" linkType="ltPageLink" isApplyIncludePage="False" title="Test">
          <area shape="0" alt="" ID="{2B897855-18A1-455F-BB61-FC9C0028F534}" coords="(0,0,208,28)"/>
        </link>
      </links>
      <font family="Segoe+UI" displayName="Segoe+UI" postScript="" weightStyle="Regular" weight="400" isBold="False" isItalic="False" useDefaultFontFamily="False"/>
      <text>Take+the+Test!!</text>
      <textColor>4294967295</textColor>
      <textSize>12</textSize>
      <lineSpacing>0</lineSpacing>
      <selectedIndex>-1</selectedIndex>
      <radius>100</radius>
      <radiusIsPercent>True</radiusIsPercent>
    </control>
    <control controlID="902B712B-BB05-4A69-A48B-427532F86DA7" controlTypeID="BreadCrumbs" x="20" y="993" w="182" h="16" zOrder="11">
      <links eventType="AtClick" animate="AmNone" animateAutoDelay="0" animateDuration="500">
        <link targetPageID="DD15667D-F578-4164-B09A-E4F68C3AE0B0" linkType="ltPageLink" isApplyIncludePage="False" title="E-history">
          <area shape="0" alt="" ID="{880E4E60-B980-4ACF-9E55-F3D54A9F8A54}" coords="(0,0,47,16)"/>
        </link>
        <link targetPageID="E607C53E-AE98-4034-8537-E63F332218F9" linkType="ltPageLink" isApplyIncludePage="False" title="Courses">
          <area shape="0" alt="" ID="{FB3F4EF5-10C1-43D8-87D0-3A3762F01F0F}" coords="(59,0,101,16)"/>
        </link>
        <link targetPageID="312FE25A-509D-4480-AFB7-65C41F710D60" linkType="ltPageLink" isApplyIncludePage="False" title="Vietnam+War">
          <area shape="0" alt="" ID="{71E02B17-7523-470A-A588-02B1709E752F}" coords="(113,0,182,16)"/>
        </link>
      </links>
      <font family="Segoe+UI" displayName="Segoe+UI" postScript="" weightStyle="Regular" weight="400" isBold="False" isItalic="False"/>
      <text>E-history%2CCourses%2CVietnam+War</text>
      <lineSpacing>0</lineSpacing>
    </control>
  </controls>
  <param>
    <backgroundColor>4294967295</backgroundColor>
    <fontSize>12</fontSize>
    <fontFamily>Segoe+UI</fontFamily>
    <guideLines/>
  </param>
</mockup>