﻿<mockup version="5.3" minAllowVersion="5.3" ID="D9B50897-D00D-4C59-8AD4-3BC2491D071E" platform="MtDesktop" defaultW="878" defaultH="755" measureW="878" measureH="537" mobileScreenScale="0">
  <controls controlCount="9">
    <control controlID="528B5204-3A0B-473E-B98C-614152F237F9" controlTypeID="TextArea" x="353" y="106" w="240" h="66" zOrder="0">
      <font family="Segoe+UI" displayName="Segoe+UI+Bold" postScript="" weightStyle="Bold" weight="700" isBold="True" isItalic="False"/>
      <text>Welcome+to</text>
      <textSize>28</textSize>
      <textStyles>[fsBold]</textStyles>
      <useDefaultTextSize>False</useDefaultTextSize>
      <selectedIndex>-1</selectedIndex>
    </control>
    <control controlID="D07ABB29-E957-4693-B259-797ED435037D" controlTypeID="Image" x="287" y="144" w="306" h="100" zOrder="1">
      <URL>88224FB92E52A59EEBB3C9477E457B90.png</URL>
    </control>
    <control controlID="CE667B53-6E86-4531-941D-A5A4574EE141" controlTypeID="TextArea" x="287" y="271" w="240" h="66" zOrder="2">
      <font family="Segoe+UI" displayName="Segoe+UI" postScript="" weightStyle="Regular" weight="400" isBold="False" isItalic="False"/>
      <text>Email%3A</text>
      <textSize>16</textSize>
      <useDefaultTextSize>False</useDefaultTextSize>
      <selectedIndex>-1</selectedIndex>
    </control>
    <control controlID="A4222510-5565-4D0B-92AD-CA03BC148F22" controlTypeID="TextArea" x="287" y="314" w="240" h="66" zOrder="3">
      <font family="Segoe+UI" displayName="Segoe+UI" postScript="" weightStyle="Regular" weight="400" isBold="False" isItalic="False"/>
      <text>Password%3A</text>
      <textSize>16</textSize>
      <useDefaultTextSize>False</useDefaultTextSize>
      <selectedIndex>-1</selectedIndex>
    </control>
    <control controlID="399715B2-99B5-4B24-832C-AFDE7D338A09" controlTypeID="TextInput" x="341" y="271" w="241" h="24" zOrder="4">
      <font family="Segoe+UI" displayName="Segoe+UI" postScript="" weightStyle="Regular" weight="400" isBold="False" isItalic="False"/>
      <textSize>12</textSize>
      <lineSpacing>0</lineSpacing>
      <selectedIndex>-1</selectedIndex>
    </control>
    <control controlID="4A29FE6E-B554-4773-9996-EDFC808BF226" controlTypeID="TextInput" x="360" y="314" w="222" h="24" zOrder="5">
      <font family="Segoe+UI" displayName="Segoe+UI" postScript="" weightStyle="Regular" weight="400" isBold="False" isItalic="False"/>
      <textSize>12</textSize>
      <lineSpacing>0</lineSpacing>
      <selectedIndex>-1</selectedIndex>
    </control>
    <control controlID="57E0B0D6-A7E7-41E9-B735-5D6CDED43963" controlTypeID="Button" x="391" y="367" w="110" h="47" zOrder="6">
      <states>
        <state propName="Color" stateType="state_mouseOver" isChecked="True" value="4278190080" varType="20"/>
      </states>
      <color>4278242559</color>
      <borderVisible>False</borderVisible>
      <links eventType="AtClick" animate="AmNone" animateAutoDelay="0" animateDuration="500">
        <link targetPageID="DD15667D-F578-4164-B09A-E4F68C3AE0B0" linkType="ltPageLink" isApplyIncludePage="False" title="Home">
          <area shape="0" alt="" ID="{2154C51E-2ADE-4D78-B23E-88EF287156D0}" coords="(0,0,110,47)"/>
        </link>
      </links>
      <font family="Segoe+UI" displayName="Segoe+UI" postScript="" weightStyle="Regular" weight="400" isBold="False" isItalic="False" useDefaultFontFamily="False"/>
      <text>Login</text>
      <textColor>4294967295</textColor>
      <textSize>12</textSize>
      <lineSpacing>0</lineSpacing>
      <selectedIndex>-1</selectedIndex>
      <radius>100</radius>
      <radiusIsPercent>True</radiusIsPercent>
    </control>
    <control controlID="D00253F5-A7D4-424B-8744-89631255BB6C" controlTypeID="TextArea" x="342" y="431" w="240" h="66" zOrder="7">
      <font family="Segoe+UI" displayName="Segoe+UI" postScript="" weightStyle="Regular" weight="400" isBold="False" isItalic="False"/>
      <text>Don't+have+an+account%3F+</text>
      <textSize>12</textSize>
      <selectedIndex>-1</selectedIndex>
    </control>
    <control controlID="56A24B98-6237-40F8-BEA5-221F96EFF8B9" controlTypeID="TextArea" x="470" y="431" w="240" h="66" zOrder="8">
      <links eventType="AtClick" animate="AmNone" animateAutoDelay="0" animateDuration="500">
        <link targetPageID="1922D841-7BA8-42E0-ABF3-8A43F75ECABC" linkType="ltPageLink" isApplyIncludePage="False" title="Register">
          <area shape="0" alt="" ID="{FEE8AC3E-043D-4673-90BB-79E33AF9B935}" coords="(0,0,240,66)"/>
        </link>
      </links>
      <font family="Segoe+UI" displayName="Segoe+UI" postScript="" weightStyle="Regular" weight="400" isBold="False" isItalic="False"/>
      <text>Register+here.</text>
      <textColor>4278203340</textColor>
      <textSize>12</textSize>
      <selectedIndex>-1</selectedIndex>
    </control>
  </controls>
  <param>
    <backgroundColor>4294967295</backgroundColor>
    <fontSize>12</fontSize>
    <fontFamily>Segoe+UI</fontFamily>
    <guideLines/>
  </param>
</mockup>