﻿<project version="2.9" name="Project" ID="B20AB76E-B309-4AE6-96E9-9958679BE1D2">
  <params>
    <pageParam version="5.3" minAllowVersion="5.3"/>
    <projectParam version="2.9" minAllowVersion="2.9" platform="MtDesktop" pageSize="(878,755)" backgroundColor="4294967295" fontSize="12" fontFamily="Segoe UI" projectType="ptPersonalProject" isShowTitleIndex="False"/>
    <previewParam version="1.0"/>
    <colorParam version="1.0"/>
  </params>
  <pages>
    <page name="Login" ID="D9B50897-D00D-4C59-8AD4-3BC2491D071E" expanded="True" code="SGxxjV1vHe" thumbCode="SGxxjV1vHe" status="psWhite" isfolder="False" isshownode="True">
      <images>
        <image key="88224FB92E52A59EEBB3C9477E457B90.png"/>
      </images>
    </page>
    <page name="Home" ID="DD15667D-F578-4164-B09A-E4F68C3AE0B0" expanded="True" code="QZGDE39kQf" thumbCode="QZGDE39kQf" status="psWhite" isfolder="False" isshownode="True">
      <images>
        <image key="B5262111FDCF61006F3AE29A20B31320.jpg"/>
        <image key="88224FB92E52A59EEBB3C9477E457B90.png"/>
      </images>
    </page>
    <page name="Profile" ID="801497A4-FDC3-43C9-A530-6963AA01E4FB" expanded="True" code="l1mZNEq4o5" thumbCode="l1mZNEq4o5" status="psWhite" isfolder="False" isshownode="True">
      <images>
        <image key="B5262111FDCF61006F3AE29A20B31320.jpg"/>
        <image key="88224FB92E52A59EEBB3C9477E457B90.png"/>
      </images>
    </page>
    <page name="Courses" ID="E607C53E-AE98-4034-8537-E63F332218F9" expanded="True" code="HQjgqIYTcE" thumbCode="HQjgqIYTcE" status="psWhite" isfolder="False" isshownode="True">
      <images>
        <image key="B5262111FDCF61006F3AE29A20B31320.jpg"/>
        <image key="88224FB92E52A59EEBB3C9477E457B90.png"/>
      </images>
    </page>
    <page name="WW1" ID="24611FF3-AD0D-4192-A844-A58F95AA3808" expanded="True" code="Oog6NwHFqH" thumbCode="Oog6NwHFqH" status="psWhite" isfolder="False" isshownode="True">
      <images>
        <image key="B5262111FDCF61006F3AE29A20B31320.jpg"/>
        <image key="88224FB92E52A59EEBB3C9477E457B90.png"/>
      </images>
    </page>
    <page name="WW2" ID="05B4D03B-5CDB-489D-96AF-0C62D8E3728E" expanded="True" code="2iWIvCPFeg" thumbCode="bRFtmtTIja" status="psWhite" isfolder="False" isshownode="True">
      <images>
        <image key="88224FB92E52A59EEBB3C9477E457B90.png"/>
        <image key="B5262111FDCF61006F3AE29A20B31320.jpg"/>
      </images>
    </page>
    <page name="The Cold War" ID="09B867AD-8FC7-44DD-ADD0-B07DA24A9A87" expanded="True" code="x465zc1gmV" thumbCode="uasZ6iVFBB" status="psWhite" isfolder="False" isshownode="True">
      <images>
        <image key="88224FB92E52A59EEBB3C9477E457B90.png"/>
        <image key="B5262111FDCF61006F3AE29A20B31320.jpg"/>
      </images>
    </page>
    <page name="Roman Empire" ID="3949D9E9-A544-45F2-8DDD-BCB441A9BAB4" expanded="True" code="zUKaXbZtWE" thumbCode="ROOjX7K6XL" status="psWhite" isfolder="False" isshownode="True">
      <images>
        <image key="88224FB92E52A59EEBB3C9477E457B90.png"/>
        <image key="B5262111FDCF61006F3AE29A20B31320.jpg"/>
      </images>
    </page>
    <page name="Vietnam War" ID="312FE25A-509D-4480-AFB7-65C41F710D60" expanded="True" code="2cpH366Nb6" thumbCode="zuCqfnoavi" status="psWhite" isfolder="False" isshownode="True">
      <images>
        <image key="88224FB92E52A59EEBB3C9477E457B90.png"/>
        <image key="B5262111FDCF61006F3AE29A20B31320.jpg"/>
      </images>
    </page>
    <page name="American Civil War" ID="7C5F2EE7-736D-410A-9DCA-E66EF37C562C" expanded="True" code="dykcsNzi8N" thumbCode="G86O8OG3x4" status="psWhite" isfolder="False" isshownode="True">
      <images>
        <image key="88224FB92E52A59EEBB3C9477E457B90.png"/>
        <image key="B5262111FDCF61006F3AE29A20B31320.jpg"/>
      </images>
    </page>
    <page name="Industrial Revolution" ID="FAD1B585-30E2-4B4B-AD93-6C1EFF35203C" expanded="True" code="FxJPXdzotQ" thumbCode="AiwYo1GkgV" status="psWhite" isfolder="False" isshownode="True">
      <images>
        <image key="88224FB92E52A59EEBB3C9477E457B90.png"/>
        <image key="B5262111FDCF61006F3AE29A20B31320.jpg"/>
      </images>
    </page>
    <page name="Great Depression" ID="5C92024A-5312-4579-AEF5-AA516B317194" expanded="True" code="DkVDy4HNU5" thumbCode="DkVDy4HNU5" status="psWhite" isfolder="False" isshownode="True">
      <images>
        <image key="88224FB92E52A59EEBB3C9477E457B90.png"/>
        <image key="B5262111FDCF61006F3AE29A20B31320.jpg"/>
      </images>
    </page>
    <page name="Test" ID="901872BE-ABD1-4E3E-A86A-5B17FBFFAAC4" expanded="True" code="drqtVyBdYh" thumbCode="drqtVyBdYh" status="psWhite" isfolder="False" isshownode="True">
      <images>
        <image key="88224FB92E52A59EEBB3C9477E457B90.png"/>
        <image key="B5262111FDCF61006F3AE29A20B31320.jpg"/>
      </images>
    </page>
    <page name="Register" ID="1922D841-7BA8-42E0-ABF3-8A43F75ECABC" expanded="True" code="oQMKvCFwPo" thumbCode="oQMKvCFwPo" isLastOpen="True" status="psWhite" isfolder="False" isshownode="True">
      <images>
        <image key="88224FB92E52A59EEBB3C9477E457B90.png"/>
      </images>
    </page>
  </pages>
  <trash>
    <page name="WW1" ID="C3EE83AE-880E-4F00-8F22-D225F99F1D94" expanded="False" code="PlXFTbzjdN" thumbCode="JzgUx3utMS" isLastOpen="True" status="psWhite" isfolder="False" isshownode="True">
      <images>
        <image key="B5262111FDCF61006F3AE29A20B31320.jpg"/>
        <image key="88224FB92E52A59EEBB3C9477E457B90.png"/>
      </images>
    </page>
  </trash>
  <deletes/>
  <masters/>
  <images>
    <image key="88224FB92E52A59EEBB3C9477E457B90.png"/>
    <image key="B5262111FDCF61006F3AE29A20B31320.jpg"/>
  </images>
</project>